<?xml version="1.0" encoding="UTF-8"?>
<project-private xmlns="http://www.netbeans.org/ns/project-private/1">
    <editor-bookmarks xmlns="http://www.netbeans.org/ns/editor-bookmarks/2" lastBookmarkId="0"/>
    <open-files xmlns="http://www.netbeans.org/ns/projectui-open-files/2">
        <group>
            <file>file:/home/brunoroh/Documents/Atividades/Eugenio/TemplateMethod/TemplateMethod/ExemploEmJava/ProjetoComTemplateMethod/src/persistencia/OrdenadoPorCursoSituacaoNome.java</file>
            <file>file:/home/brunoroh/Documents/Atividades/Eugenio/TemplateMethod/TemplateMethod/ExemploEmJava/ProjetoComTemplateMethod/src/persistencia/OrdenadoPorEnfaseSituacaoCursoNome.java</file>
            <file>file:/home/brunoroh/Documents/Atividades/Eugenio/TemplateMethod/TemplateMethod/ExemploEmJava/ProjetoComTemplateMethod/src/classededados/Aluno.java</file>
            <file>file:/home/brunoroh/Documents/Atividades/Eugenio/TemplateMethod/TemplateMethod/ExemploEmJava/ProjetoComTemplateMethod/src/dados/RelatorioDasEnfases.csv</file>
            <file>file:/home/brunoroh/Documents/Atividades/Eugenio/TemplateMethod/TemplateMethod/ExemploEmJava/ProjetoComTemplateMethod/src/persistencia/AlunoPersistencia.java</file>
            <file>file:/home/brunoroh/Documents/Atividades/Eugenio/TemplateMethod/TemplateMethod/ExemploEmJava/ProjetoComTemplateMethod/src/interfacegrafica/Janela.java</file>
            <file>file:/home/brunoroh/Documents/Atividades/Eugenio/TemplateMethod/TemplateMethod/ExemploEmJava/ProjetoComTemplateMethod/src/persistencia/OrdenadoPorCursoSituacaoEnfaseNome.java</file>
            <file>file:/home/brunoroh/Documents/Atividades/Eugenio/TemplateMethod/TemplateMethod/ExemploEmJava/ProjetoComTemplateMethod/src/persistencia/OrdenadoPorNome.java</file>
            <file>file:/home/brunoroh/Documents/Atividades/Eugenio/TemplateMethod/TemplateMethod/ExemploEmJava/ProjetoComTemplateMethod/src/persistencia/OrdenadoPorCursoNome.java</file>
            <file>file:/home/brunoroh/Documents/Atividades/Eugenio/TemplateMethod/TemplateMethod/ExemploEmJava/ProjetoComTemplateMethod/src/persistencia/OrdenadoPorCursoEnfaseNome.java</file>
        </group>
    </open-files>
</project-private>
